{"all_count": 1831, "recognize": 1828, "not_recognize": 3, "rec_quality": 99.83615510649918, "not_rec_quality": 0.1638448935008192, "double": 109, "tracker": 0}