{"all_count": 2558, "recognize": 2555, "not_recognize": 3, "rec_quality": 99.88272087568413, "not_rec_quality": 0.11727912431587179, "double": 92}